{
  "type": "minecraft:block",
  "pools": [
    {
      "name": "block",
      "rolls": 1,
      "entries": [
        {
          "type": "minecraft:item",
          "weight": 15,
          "functions": [
            {
              "function": "minecraft:set_count",
              "count": {
                "min": 4,
                "max": 9,
                "type": "minecraft:uniform"
              }
            },
            {
              "function": "minecraft:apply_bonus",
              "enchantment": "minecraft:fortune",
              "formula": "minecraft:ore_drops"
            },
            {
              "function": "minecraft:explosion_decay"
            }
          ],
          "name": "minecraft:lapis_lazuli"
        },
        {
          "type": "minecraft:item",
          "weight": 10,
          "functions": [
            {
              "function": "minecraft:set_count",
              "count": {
                "min": 4,
                "max": 5,
                "type": "minecraft:uniform"
              }
            },
            {
              "function": "minecraft:apply_bonus",
              "enchantment": "minecraft:fortune",
              "formula": "minecraft:uniform_bonus_count",
              "parameters": {
                "bonusMultiplier": 1
              }
            },
            {
              "function": "minecraft:explosion_decay"
            }
          ],
          "name": "minecraft:redstone"
        },
        {
          "type": "minecraft:item",
          "weight": 17,
          "name": "create:copper_ore"
        },
        {
          "type": "minecraft:item",
          "weight": 17,
          "name": "create:zinc_ore"
        },
        {
          "type": "minecraft:item",
          "weight": 17,
          "name": "minecraft:iron_ore"
        },
        {
          "type": "minecraft:item",
          "weight": 13,
          "name": "minecraft:gold_ore"
        },
        {
          "type": "minecraft:item",
          "weight": 10,
          "name": "minecraft:coal"
        },
        {
          "type": "minecraft:item",
          "weight": 5,
          "name": "minecraft:emerald"
        },
        {
          "type": "minecraft:item",
          "weight": 5,
          "name": "minecraft:egg"
        },
        {
          "type": "minecraft:item",
          "weight": 3,
          "name": "minecraft:diamond"
        },
        {
          "type": "minecraft:item",
          "weight": 1,
          "name": "randomite:randomite_ore"
        }
      ],
      "conditions": [
        {
          "condition": "minecraft:survives_explosion"
        }
      ]
    }
  ]
}
