
{
	"pools": [{
		"rolls": 1,
		"entries": [{
			"type": "item",
			"name": "minecraft:iron_ore",
			"weight": 40,
			"functions": [{
				"function": "set_count",
				"count": {
					"min": 5,
					"max": 10
				}
			}]
		}, {
			"type": "item",
			"name": "create:copper_ore",
			"weight": 50,
			"functions": [{
				"function": "set_count",
				"count": {
					"min": 5,
					"max": 8
				}
			}]
		}, {
			"type": "item",
			"name": "minecraft:zinc_ore",
			"weight": 50,
			"functions": [{
				"function": "set_count",
				"count": {
					"min": 5,
					"max": 8
				}
			}]
		}, {
			"type": "item",
			"name": "minecraft:gold_ore",
			"weight": 40,
			"functions": [{
				"function": "set_count",
				"count": {
					"min": 3,
					"max": 8
				}
			}]
		}, {
			"type": "item",
			"name": "minecraft:diamond",
			"weight": 15,
			"functions": [{
				"function": "set_count",
				"count": {
					"min": 1,
					"max": 4
				}
			}]
		}, {
			"type": "item",
			"name": "minecraft:tnt",
			"weight": 10,
			"functions": [{
				"function": "set_count",
				"count": {
					"min": 1,
					"max": 3
				}
			}]
		}, {
			"type": "item",
			"name": "minecraft:zombie_head",
			"weight": 10
		}, {
			"type": "item",
			"name": "minecraft:creeper_head",
			"weight": 10
		}, {
			"type": "item",
			"name": "minecraft:skeleton_skull",
			"weight": 10
		}, {
			"type": "item",
			"name": "minecraft:bone_block",
			"weight": 40,
			"functions": [{
				"function": "set_count",
				"count": {
					"min": 16,
					"max": 24
				}
			}]
		}, {
			"type": "item",
			"name": "minecraft:coal",
			"weight": 40,
			"functions": [{
				"function": "set_count",
				"count": {
					"min": 32,
					"max": 64
				}
			}]
		}, {
			"type": "item",
			"name": "minecraft:diamond_pickaxe",
			"weight": 1,
			"functions": [{
				"function": "set_damage",
				"damage": {
					"min": 0.2,
					"max": 0.5
				}
			}]
		}, {
			"type": "item",
			"name": "minecraft:diamond_sword",
			"weight": 1,
			"functions": [{
				"function": "set_damage",
				"damage": {
					"min": 0.2,
					"max": 0.5
				}
			}]
		}, {
			"type": "item",
			"name": "minecraft:bread",
			"weight": 25,
			"functions": [{
				"function": "set_count",
				"count": {
					"min": 6,
					"max": 12
				}
			}]
		}, {
			"type": "item",
			"name": "minecraft:golden_apple",
			"weight": 1
		}, {
			"type": "item",
			"name": "minecraft:name_tag",
			"weight": 10
		}, {
      "type": "minecraft:item",
      "name": "minecraft:book",
      "weight": 5,
      "functions": [{
        "function": "minecraft:enchant_randomly"
       }]
    }, {
			"type": "item",
			"name": "minecraft:music_disc_13",
			"weight": 1
		}, {
			"type": "item",
			"name": "minecraft:music_disc_cat",
			"weight": 1
		}, {
			"type": "item",
			"name": "minecraft:music_disc_blocks",
			"weight": 1
		}, {
			"type": "item",
			"name": "minecraft:music_disc_chirp",
			"weight": 1
		}, {
			"type": "item",
			"name": "minecraft:music_disc_far",
			"weight": 1
		}, {
			"type": "item",
			"name": "minecraft:music_disc_mall",
			"weight": 1
		}, {
			"type": "item",
			"name": "minecraft:music_disc_mellohi",
			"weight": 1
		}, {
			"type": "item",
			"name": "minecraft:music_disc_stal",
			"weight": 1
		}, {
			"type": "item",
			"name": "minecraft:music_disc_strad",
			"weight": 1
		}, {
			"type": "item",
			"name": "minecraft:music_disc_ward",
			"weight": 1
		}, {
			"type": "item",
			"name": "minecraft:music_disc_11",
			"weight": 1
		}, {
			"type": "item",
			"name": "minecraft:music_disc_wait",
			"weight": 1
		}, {
			"type": "item",
			"name": "minecraft:music_disc_pigstep",
			"weight": 1
		}, {
			"type": "item",
			"name": "minecraft:iron_horse_armor",
			"weight": 6
		}, {
			"type": "item",
			"name": "minecraft:golden_horse_armor",
			"weight": 3
		}, {
			"type": "item",
			"name": "minecraft:diamond_horse_armor",
			"weight": 1
		}, {
			"type": "item",
			"name": "minecraft:saddle",
			"weight": 4
		}, {
			"type": "item",
			"name": "quark:monster_box",
			"weight": 1
		}]
	}]
}
